source_id,dfm8_prefix,processing_form,source_rows,accepted_or_tokenized_rows,sampled_tokens_per_epoch,generator_or_method,audit_method,prompt_or_recipe_evidence,status
common-pile/arxiv_papers_filtered,dfm4_arxiv_paper_summarization,derived task,213354,213354,129586132,deterministic derived-task conversion,deterministic converter/source checks,scripts/generate_dfm4_tasks.py,engineering_method_evidence_indexed_human_rights_review_required
schneiderkamplab/common-pile-denoising,common-pile-denoising,generated + audited,254565,254565,883618038,deterministic task derivation; Gemma 4 31B judge,structural filtering plus model-judge acceptance,data/dfm8_transform_expansion_filtered/common-pile-denoising/filter_summary.json,engineering_method_evidence_indexed_human_rights_review_required
schneiderkamplab/common-pile-paragraph-reordering,common-pile-paragraph-reordering,generated + audited,86328,86328,166705119,deterministic task derivation; Gemma 4 31B judge,structural filtering plus model-judge acceptance,data/dfm8_transform_expansion_filtered/common-pile-paragraph-reordering/filter_summary.json,engineering_method_evidence_indexed_human_rights_review_required
schneiderkamplab/common-pile-prefix-continuation,common-pile-prefix-continuation,generated + audited,619911,619911,1153663578,deterministic task derivation; Gemma 4 31B judge,structural filtering plus model-judge acceptance,data/dfm8_transform_expansion_filtered/common-pile-prefix-continuation/filter_summary.json,engineering_method_evidence_indexed_human_rights_review_required
schneiderkamplab/common-pile-span-filling,common-pile-span-filling,generated + audited,253715,253715,822495999,deterministic task derivation; Gemma 4 31B judge,structural filtering plus model-judge acceptance,data/dfm8_transform_expansion_filtered/common-pile-span-filling/filter_summary.json,engineering_method_evidence_indexed_human_rights_review_required
schneiderkamplab/danish-dynaword-denoising,danish-dynaword-denoising,generated + audited,65518,65518,323226788,deterministic task derivation; Gemma 4 31B judge,structural filtering plus model-judge acceptance,data/dfm8_transform_expansion_filtered/danish-dynaword-denoising/filter_summary.json,engineering_method_evidence_indexed_human_rights_review_required
schneiderkamplab/danish-dynaword-paragraph-reordering,danish-dynaword-paragraph-reordering,generated + audited,55340,55340,160473180,deterministic task derivation; Gemma 4 31B judge,structural filtering plus model-judge acceptance,data/dfm8_transform_expansion_filtered/danish-dynaword-paragraph-reordering/filter_summary.json,engineering_method_evidence_indexed_human_rights_review_required
schneiderkamplab/danish-dynaword-prefix-continuation,danish-dynaword-prefix-continuation,generated + audited,105317,105317,251806228,deterministic task derivation; Gemma 4 31B judge,structural filtering plus model-judge acceptance,data/dfm8_transform_expansion_filtered/danish-dynaword-prefix-continuation/filter_summary.json,engineering_method_evidence_indexed_human_rights_review_required
schneiderkamplab/danish-dynaword-span-filling,danish-dynaword-span-filling,generated + audited,54968,54968,250858496,deterministic task derivation; Gemma 4 31B judge,structural filtering plus model-judge acceptance,data/dfm8_transform_expansion_filtered/danish-dynaword-span-filling/filter_summary.json,engineering_method_evidence_indexed_human_rights_review_required
schneiderkamplab/dfm8-openhermes-da,dfm8-openhermes-da,repaired/translated + audited,972744,972744,922033292,Gemma 4 31B audit/repair/translation pipeline,source audit plus post-repair/post-translation judge audit,export-upload-dfm8-openhermes-repaired/build_summary.json,engineering_method_evidence_indexed_human_rights_review_required
schneiderkamplab/dfm8-openhermes-en,dfm8-openhermes-en,repaired/translated + audited,922655,922655,672131532,Gemma 4 31B audit/repair/translation pipeline,source audit plus post-repair/post-translation judge audit,export-upload-dfm8-openhermes-repaired/build_summary.json,engineering_method_evidence_indexed_human_rights_review_required
schneiderkamplab/dfm8-synthetic-code-debugging,dfm8-synthetic-code-debugging,generated + audited,341106,341106,246646769,Gemma 4 31B generator and Gemma 4 31B judge,model-judge audit; accepted rows only,export-upload-dfm8-synthetic/dfm8-synthetic-code-debugging/recreate_dataset.py,engineering_method_evidence_indexed_human_rights_review_required
schneiderkamplab/dfm8-synthetic-constrained-format-following,dfm8-synthetic-constrained-format-following,generated + audited,838097,838097,171088193,Gemma 4 31B generator and Gemma 4 31B judge,model-judge audit; accepted rows only,export-upload-dfm8-synthetic/dfm8-synthetic-constrained-format-following/recreate_dataset.py,engineering_method_evidence_indexed_human_rights_review_required
schneiderkamplab/dfm8-synthetic-danish-summarization-rewrite-controls,dfm8-synthetic-danish-summarization-rewrite-controls,generated + audited,825710,825710,395960288,Gemma 4 31B generator and Gemma 4 31B judge,model-judge audit; accepted rows only,export-upload-dfm8-synthetic/dfm8-synthetic-danish-summarization-rewrite-controls/recreate_dataset.py,engineering_method_evidence_indexed_human_rights_review_required
schneiderkamplab/dfm8-synthetic-multiturn-danish-english-chat,dfm8-synthetic-multiturn-danish-english-chat,generated + audited,962230,962230,366469258,Gemma 4 31B generator and Gemma 4 31B judge,model-judge audit; accepted rows only,export-upload-dfm8-synthetic/dfm8-synthetic-multiturn-danish-english-chat/recreate_dataset.py,engineering_method_evidence_indexed_human_rights_review_required
schneiderkamplab/dfm8-synthetic-native-tool-calling,dfm8-synthetic-native-tool-calling,generated + audited,1810418,1810418,513088304,Gemma 4 31B generator and Gemma 4 31B judge,model-judge audit; accepted rows only,export-upload-dfm8-synthetic/dfm8-synthetic-native-tool-calling/recreate_dataset.py,engineering_method_evidence_indexed_human_rights_review_required
schneiderkamplab/dfm8-synthetic-strict-math-answer-contract,dfm8-synthetic-strict-math-answer-contract,generated + audited,552956,552956,173411485,Gemma 4 31B generator and Gemma 4 31B judge,model-judge audit; accepted rows only,export-upload-dfm8-synthetic/dfm8-synthetic-strict-math-answer-contract/recreate_dataset.py,engineering_method_evidence_indexed_human_rights_review_required
schneiderkamplab/sapient-synth-flan-dialog-fsopt-data-qrecc,sapient-synth-flan-dialog-fsopt-data-qrecc,generated + audited,20748,20748,13106102,Gemma 4 31B replacement-generation pipeline,model-judge audit; accepted rows only,export-upload/sapient-synth-flan-dialog-fsopt-data-qrecc/metadata/manifest.json,engineering_method_evidence_indexed_human_rights_review_required
schneiderkamplab/sapient-synth-flan-dialog-fsopt-data-qrecc-ii,sapient-synth-flan-dialog-fsopt-data-qrecc-ii,generated + audited,5679,5679,2912505,Gemma 4 31B replacement-generation pipeline,model-judge audit; accepted rows only,export-upload/sapient-synth-flan-dialog-fsopt-data-qrecc-ii/metadata/manifest.json,engineering_method_evidence_indexed_human_rights_review_required
schneiderkamplab/sapient-synth-flan-dialog-zsopt-data-qrecc,sapient-synth-flan-dialog-zsopt-data-qrecc,generated + audited,10663,10663,1728299,Gemma 4 31B replacement-generation pipeline,model-judge audit; accepted rows only,export-upload/sapient-synth-flan-dialog-zsopt-data-qrecc/metadata/manifest.json,engineering_method_evidence_indexed_human_rights_review_required
schneiderkamplab/sapient-synth-flan-dialog-zsopt-data-qrecc-ii,sapient-synth-flan-dialog-zsopt-data-qrecc-ii,generated + audited,3090,3090,512987,Gemma 4 31B replacement-generation pipeline,model-judge audit; accepted rows only,export-upload/sapient-synth-flan-dialog-zsopt-data-qrecc-ii/metadata/manifest.json,engineering_method_evidence_indexed_human_rights_review_required
schneiderkamplab/sapient-synth-flan-flan-fsnoopt-data-aeslc-1.0.0,sapient-synth-flan-flan-fsnoopt-data-aeslc-1.0.0,generated + audited,11220,11220,4789274,Gemma 4 31B replacement-generation pipeline,model-judge audit; accepted rows only,export-upload/sapient-synth-flan-flan-fsnoopt-data-aeslc-1.0.0/metadata/manifest.json,engineering_method_evidence_indexed_human_rights_review_required
schneiderkamplab/sapient-synth-flan-flan-fsnoopt-data-opinion-abstracts-idebate,sapient-synth-flan-flan-fsnoopt-data-opinion-abstracts-idebate,generated + audited,831,831,527024,Gemma 4 31B replacement-generation pipeline,model-judge audit; accepted rows only,export-upload/sapient-synth-flan-flan-fsnoopt-data-opinion-abstracts-idebate/metadata/manifest.json,engineering_method_evidence_indexed_human_rights_review_required
schneiderkamplab/sapient-synth-flan-flan-fsnoopt-data-opinion-abstracts-rotten-tomatoes,sapient-synth-flan-flan-fsnoopt-data-opinion-abstracts-rotten-tomatoes,generated + audited,2404,2404,1739367,Gemma 4 31B replacement-generation pipeline,model-judge audit; accepted rows only,export-upload/sapient-synth-flan-flan-fsnoopt-data-opinion-abstracts-rotten-tomatoes/metadata/manifest.json,engineering_method_evidence_indexed_human_rights_review_required
schneiderkamplab/sapient-synth-flan-flan-fsopt-data-aeslc-1.0.0,sapient-synth-flan-flan-fsopt-data-aeslc-1.0.0,generated + audited,20094,20094,10159455,Gemma 4 31B replacement-generation pipeline,model-judge audit; accepted rows only,export-upload/sapient-synth-flan-flan-fsopt-data-aeslc-1.0.0/metadata/manifest.json,engineering_method_evidence_indexed_human_rights_review_required
schneiderkamplab/sapient-synth-flan-flan-fsopt-data-opinion-abstracts-idebate,sapient-synth-flan-flan-fsopt-data-opinion-abstracts-idebate,generated + audited,1217,1217,745866,Gemma 4 31B replacement-generation pipeline,model-judge audit; accepted rows only,export-upload/sapient-synth-flan-flan-fsopt-data-opinion-abstracts-idebate/metadata/manifest.json,engineering_method_evidence_indexed_human_rights_review_required
schneiderkamplab/sapient-synth-flan-flan-fsopt-data-opinion-abstracts-rotten-tomatoes,sapient-synth-flan-flan-fsopt-data-opinion-abstracts-rotten-tomatoes,generated + audited,4649,4649,4313282,Gemma 4 31B replacement-generation pipeline,model-judge audit; accepted rows only,export-upload/sapient-synth-flan-flan-fsopt-data-opinion-abstracts-rotten-tomatoes/metadata/manifest.json,engineering_method_evidence_indexed_human_rights_review_required
schneiderkamplab/sapient-synth-flan-flan-zsnoopt-data-aeslc-1.0.0,sapient-synth-flan-flan-zsnoopt-data-aeslc-1.0.0,generated + audited,13031,13031,1909893,Gemma 4 31B replacement-generation pipeline,model-judge audit; accepted rows only,export-upload/sapient-synth-flan-flan-zsnoopt-data-aeslc-1.0.0/metadata/manifest.json,engineering_method_evidence_indexed_human_rights_review_required
schneiderkamplab/sapient-synth-flan-flan-zsnoopt-data-opinion-abstracts-idebate,sapient-synth-flan-flan-zsnoopt-data-opinion-abstracts-idebate,generated + audited,1302,1302,222807,Gemma 4 31B replacement-generation pipeline,model-judge audit; accepted rows only,export-upload/sapient-synth-flan-flan-zsnoopt-data-opinion-abstracts-idebate/metadata/manifest.json,engineering_method_evidence_indexed_human_rights_review_required
schneiderkamplab/sapient-synth-flan-flan-zsnoopt-data-opinion-abstracts-rotten-tomatoes,sapient-synth-flan-flan-zsnoopt-data-opinion-abstracts-rotten-tomatoes,generated + audited,2895,2895,616034,Gemma 4 31B replacement-generation pipeline,model-judge audit; accepted rows only,export-upload/sapient-synth-flan-flan-zsnoopt-data-opinion-abstracts-rotten-tomatoes/metadata/manifest.json,engineering_method_evidence_indexed_human_rights_review_required
schneiderkamplab/sapient-synth-flan-flan-zsopt-data-aeslc-1.0.0,sapient-synth-flan-flan-zsopt-data-aeslc-1.0.0,generated + audited,11820,11820,1729747,Gemma 4 31B replacement-generation pipeline,model-judge audit; accepted rows only,export-upload/sapient-synth-flan-flan-zsopt-data-aeslc-1.0.0/metadata/manifest.json,engineering_method_evidence_indexed_human_rights_review_required
schneiderkamplab/sapient-synth-flan-flan-zsopt-data-opinion-abstracts-idebate,sapient-synth-flan-flan-zsopt-data-opinion-abstracts-idebate,generated + audited,1307,1307,222628,Gemma 4 31B replacement-generation pipeline,model-judge audit; accepted rows only,export-upload/sapient-synth-flan-flan-zsopt-data-opinion-abstracts-idebate/metadata/manifest.json,engineering_method_evidence_indexed_human_rights_review_required
schneiderkamplab/sapient-synth-flan-flan-zsopt-data-opinion-abstracts-rotten-tomatoes,sapient-synth-flan-flan-zsopt-data-opinion-abstracts-rotten-tomatoes,generated + audited,2919,2919,622031,Gemma 4 31B replacement-generation pipeline,model-judge audit; accepted rows only,export-upload/sapient-synth-flan-flan-zsopt-data-opinion-abstracts-rotten-tomatoes/metadata/manifest.json,engineering_method_evidence_indexed_human_rights_review_required
schneiderkamplab/sapient-synth-flan-niv2-fsopt-data-task1309-amazonreview-summary-classification,sapient-synth-flan-niv2-fsopt-data-task1309-amazonreview-summary-classification,generated + audited,9614,9614,1948021,Gemma 4 31B replacement-generation pipeline,model-judge audit; accepted rows only,export-upload/sapient-synth-flan-niv2-fsopt-data-task1309-amazonreview-summary-classification/metadata/manifest.json,engineering_method_evidence_indexed_human_rights_review_required
schneiderkamplab/sapient-synth-flan-niv2-fsopt-data-task1370-newscomm-classification,sapient-synth-flan-niv2-fsopt-data-task1370-newscomm-classification,generated + audited,4137,4137,720660,Gemma 4 31B replacement-generation pipeline,model-judge audit; accepted rows only,export-upload/sapient-synth-flan-niv2-fsopt-data-task1370-newscomm-classification/metadata/manifest.json,engineering_method_evidence_indexed_human_rights_review_required
schneiderkamplab/sapient-synth-flan-niv2-fsopt-data-task1371-newscomm-translation,sapient-synth-flan-niv2-fsopt-data-task1371-newscomm-translation,generated + audited,3535,3535,703194,Gemma 4 31B replacement-generation pipeline,model-judge audit; accepted rows only,export-upload/sapient-synth-flan-niv2-fsopt-data-task1371-newscomm-translation/metadata/manifest.json,engineering_method_evidence_indexed_human_rights_review_required
schneiderkamplab/sapient-synth-flan-niv2-fsopt-data-task1373-newscomm-translation,sapient-synth-flan-niv2-fsopt-data-task1373-newscomm-translation,generated + audited,5212,5212,1060440,Gemma 4 31B replacement-generation pipeline,model-judge audit; accepted rows only,export-upload/sapient-synth-flan-niv2-fsopt-data-task1373-newscomm-translation/metadata/manifest.json,engineering_method_evidence_indexed_human_rights_review_required
schneiderkamplab/sapient-synth-flan-niv2-fsopt-data-task1374-newscomm-translation,sapient-synth-flan-niv2-fsopt-data-task1374-newscomm-translation,generated + audited,1616,1616,598761,Gemma 4 31B replacement-generation pipeline,model-judge audit; accepted rows only,export-upload/sapient-synth-flan-niv2-fsopt-data-task1374-newscomm-translation/metadata/manifest.json,engineering_method_evidence_indexed_human_rights_review_required
schneiderkamplab/sapient-synth-flan-niv2-fsopt-data-task1375-newscomm-translation,sapient-synth-flan-niv2-fsopt-data-task1375-newscomm-translation,generated + audited,5084,5084,1168532,Gemma 4 31B replacement-generation pipeline,model-judge audit; accepted rows only,export-upload/sapient-synth-flan-niv2-fsopt-data-task1375-newscomm-translation/metadata/manifest.json,engineering_method_evidence_indexed_human_rights_review_required
schneiderkamplab/sapient-synth-flan-niv2-fsopt-data-task1376-newscomm-translation,sapient-synth-flan-niv2-fsopt-data-task1376-newscomm-translation,generated + audited,3116,3116,974302,Gemma 4 31B replacement-generation pipeline,model-judge audit; accepted rows only,export-upload/sapient-synth-flan-niv2-fsopt-data-task1376-newscomm-translation/metadata/manifest.json,engineering_method_evidence_indexed_human_rights_review_required
schneiderkamplab/sapient-synth-flan-niv2-fsopt-data-task1377-newscomm-translation,sapient-synth-flan-niv2-fsopt-data-task1377-newscomm-translation,generated + audited,3491,3491,679180,Gemma 4 31B replacement-generation pipeline,model-judge audit; accepted rows only,export-upload/sapient-synth-flan-niv2-fsopt-data-task1377-newscomm-translation/metadata/manifest.json,engineering_method_evidence_indexed_human_rights_review_required
schneiderkamplab/sapient-synth-flan-niv2-fsopt-data-task264-paper-reviews-accept-reject,sapient-synth-flan-niv2-fsopt-data-task264-paper-reviews-accept-reject,generated + audited,252,252,139871,Gemma 4 31B replacement-generation pipeline,model-judge audit; accepted rows only,export-upload/sapient-synth-flan-niv2-fsopt-data-task264-paper-reviews-accept-reject/metadata/manifest.json,engineering_method_evidence_indexed_human_rights_review_required
schneiderkamplab/sapient-synth-flan-niv2-fsopt-data-task265-paper-reviews-language-identification,sapient-synth-flan-niv2-fsopt-data-task265-paper-reviews-language-identification,generated + audited,1341,1341,395317,Gemma 4 31B replacement-generation pipeline,model-judge audit; accepted rows only,export-upload/sapient-synth-flan-niv2-fsopt-data-task265-paper-reviews-language-identification/metadata/manifest.json,engineering_method_evidence_indexed_human_rights_review_required
schneiderkamplab/sapient-synth-flan-niv2-fsopt-data-task266-paper-reviews-reviewer-perspective,sapient-synth-flan-niv2-fsopt-data-task266-paper-reviews-reviewer-perspective,generated + audited,676,676,235696,Gemma 4 31B replacement-generation pipeline,model-judge audit; accepted rows only,export-upload/sapient-synth-flan-niv2-fsopt-data-task266-paper-reviews-reviewer-perspective/metadata/manifest.json,engineering_method_evidence_indexed_human_rights_review_required
schneiderkamplab/sapient-synth-flan-niv2-fsopt-data-task589-amazonfood-summary-text-generation,sapient-synth-flan-niv2-fsopt-data-task589-amazonfood-summary-text-generation,generated + audited,11860,11860,2814833,Gemma 4 31B replacement-generation pipeline,model-judge audit; accepted rows only,export-upload/sapient-synth-flan-niv2-fsopt-data-task589-amazonfood-summary-text-generation/metadata/manifest.json,engineering_method_evidence_indexed_human_rights_review_required
schneiderkamplab/sapient-synth-flan-niv2-fsopt-data-task590-amazonfood-summary-correction-classification,sapient-synth-flan-niv2-fsopt-data-task590-amazonfood-summary-correction-classification,generated + audited,10857,10857,2539909,Gemma 4 31B replacement-generation pipeline,model-judge audit; accepted rows only,export-upload/sapient-synth-flan-niv2-fsopt-data-task590-amazonfood-summary-correction-classification/metadata/manifest.json,engineering_method_evidence_indexed_human_rights_review_required
schneiderkamplab/sapient-synth-flan-niv2-fsopt-data-task618-amazonreview-summary-text-generation,sapient-synth-flan-niv2-fsopt-data-task618-amazonreview-summary-text-generation,generated + audited,11879,11879,2177827,Gemma 4 31B replacement-generation pipeline,model-judge audit; accepted rows only,export-upload/sapient-synth-flan-niv2-fsopt-data-task618-amazonreview-summary-text-generation/metadata/manifest.json,engineering_method_evidence_indexed_human_rights_review_required
schneiderkamplab/sapient-synth-flan-niv2-fsopt-data-task634-allegro-reviews-classification,sapient-synth-flan-niv2-fsopt-data-task634-allegro-reviews-classification,generated + audited,2546,2546,816301,Gemma 4 31B replacement-generation pipeline,model-judge audit; accepted rows only,export-upload/sapient-synth-flan-niv2-fsopt-data-task634-allegro-reviews-classification/metadata/manifest.json,engineering_method_evidence_indexed_human_rights_review_required
schneiderkamplab/sapient-synth-flan-niv2-fsopt-data-task635-allegro-reviews-answer-generation,sapient-synth-flan-niv2-fsopt-data-task635-allegro-reviews-answer-generation,generated + audited,3186,3186,816257,Gemma 4 31B replacement-generation pipeline,model-judge audit; accepted rows only,export-upload/sapient-synth-flan-niv2-fsopt-data-task635-allegro-reviews-answer-generation/metadata/manifest.json,engineering_method_evidence_indexed_human_rights_review_required
schneiderkamplab/sapient-synth-flan-niv2-fsopt-data-task672-amazon-yelp-summarization,sapient-synth-flan-niv2-fsopt-data-task672-amazon-yelp-summarization,generated + audited,259,259,198111,Gemma 4 31B replacement-generation pipeline,model-judge audit; accepted rows only,export-upload/sapient-synth-flan-niv2-fsopt-data-task672-amazon-yelp-summarization/metadata/manifest.json,engineering_method_evidence_indexed_human_rights_review_required
schneiderkamplab/sapient-synth-flan-niv2-fsopt-data-task870-msmarco-answer-generation,sapient-synth-flan-niv2-fsopt-data-task870-msmarco-answer-generation,generated + audited,1226,1226,598966,Gemma 4 31B replacement-generation pipeline,model-judge audit; accepted rows only,export-upload/sapient-synth-flan-niv2-fsopt-data-task870-msmarco-answer-generation/metadata/manifest.json,engineering_method_evidence_indexed_human_rights_review_required
schneiderkamplab/sapient-synth-flan-niv2-fsopt-data-task871-msmarco-question-generation,sapient-synth-flan-niv2-fsopt-data-task871-msmarco-question-generation,generated + audited,158,158,71057,Gemma 4 31B replacement-generation pipeline,model-judge audit; accepted rows only,export-upload/sapient-synth-flan-niv2-fsopt-data-task871-msmarco-question-generation/metadata/manifest.json,engineering_method_evidence_indexed_human_rights_review_required
schneiderkamplab/sapient-synth-flan-niv2-fsopt-data-task902-deceptive-opinion-spam-classification,sapient-synth-flan-niv2-fsopt-data-task902-deceptive-opinion-spam-classification,generated + audited,2935,2935,877555,Gemma 4 31B replacement-generation pipeline,model-judge audit; accepted rows only,export-upload/sapient-synth-flan-niv2-fsopt-data-task902-deceptive-opinion-spam-classification/metadata/manifest.json,engineering_method_evidence_indexed_human_rights_review_required
schneiderkamplab/sapient-synth-flan-niv2-fsopt-data-task903-deceptive-opinion-spam-classification,sapient-synth-flan-niv2-fsopt-data-task903-deceptive-opinion-spam-classification,generated + audited,1703,1703,534985,Gemma 4 31B replacement-generation pipeline,model-judge audit; accepted rows only,export-upload/sapient-synth-flan-niv2-fsopt-data-task903-deceptive-opinion-spam-classification/metadata/manifest.json,engineering_method_evidence_indexed_human_rights_review_required
schneiderkamplab/sapient-synth-flan-niv2-fsopt-data-task906-dialogre-identify-names,sapient-synth-flan-niv2-fsopt-data-task906-dialogre-identify-names,generated + audited,459,459,235077,Gemma 4 31B replacement-generation pipeline,model-judge audit; accepted rows only,export-upload/sapient-synth-flan-niv2-fsopt-data-task906-dialogre-identify-names/metadata/manifest.json,engineering_method_evidence_indexed_human_rights_review_required
schneiderkamplab/sapient-synth-flan-niv2-fsopt-data-task907-dialogre-identify-relationships,sapient-synth-flan-niv2-fsopt-data-task907-dialogre-identify-relationships,generated + audited,101,101,46025,Gemma 4 31B replacement-generation pipeline,model-judge audit; accepted rows only,export-upload/sapient-synth-flan-niv2-fsopt-data-task907-dialogre-identify-relationships/metadata/manifest.json,engineering_method_evidence_indexed_human_rights_review_required
schneiderkamplab/sapient-synth-flan-niv2-fsopt-data-task908-dialogre-identify-familial-relationships,sapient-synth-flan-niv2-fsopt-data-task908-dialogre-identify-familial-relationships,generated + audited,163,163,68410,Gemma 4 31B replacement-generation pipeline,model-judge audit; accepted rows only,export-upload/sapient-synth-flan-niv2-fsopt-data-task908-dialogre-identify-familial-relationships/metadata/manifest.json,engineering_method_evidence_indexed_human_rights_review_required
schneiderkamplab/sapient-synth-flan-niv2-fsopt-data-task909-dialogre-prevalent-speakers,sapient-synth-flan-niv2-fsopt-data-task909-dialogre-prevalent-speakers,generated + audited,753,753,295703,Gemma 4 31B replacement-generation pipeline,model-judge audit; accepted rows only,export-upload/sapient-synth-flan-niv2-fsopt-data-task909-dialogre-prevalent-speakers/metadata/manifest.json,engineering_method_evidence_indexed_human_rights_review_required
schneiderkamplab/sapient-synth-flan-niv2-zsopt-data-task1309-amazonreview-summary-classification,sapient-synth-flan-niv2-zsopt-data-task1309-amazonreview-summary-classification,generated + audited,6249,6249,795481,Gemma 4 31B replacement-generation pipeline,model-judge audit; accepted rows only,export-upload/sapient-synth-flan-niv2-zsopt-data-task1309-amazonreview-summary-classification/metadata/manifest.json,engineering_method_evidence_indexed_human_rights_review_required
schneiderkamplab/sapient-synth-flan-niv2-zsopt-data-task1370-newscomm-classification,sapient-synth-flan-niv2-zsopt-data-task1370-newscomm-classification,generated + audited,20,20,1929,Gemma 4 31B replacement-generation pipeline,model-judge audit; accepted rows only,export-upload/sapient-synth-flan-niv2-zsopt-data-task1370-newscomm-classification/metadata/manifest.json,engineering_method_evidence_indexed_human_rights_review_required
schneiderkamplab/sapient-synth-flan-niv2-zsopt-data-task1371-newscomm-translation,sapient-synth-flan-niv2-zsopt-data-task1371-newscomm-translation,generated + audited,1577,1577,170549,Gemma 4 31B replacement-generation pipeline,model-judge audit; accepted rows only,export-upload/sapient-synth-flan-niv2-zsopt-data-task1371-newscomm-translation/metadata/manifest.json,engineering_method_evidence_indexed_human_rights_review_required
schneiderkamplab/sapient-synth-flan-niv2-zsopt-data-task1373-newscomm-translation,sapient-synth-flan-niv2-zsopt-data-task1373-newscomm-translation,generated + audited,2243,2243,267691,Gemma 4 31B replacement-generation pipeline,model-judge audit; accepted rows only,export-upload/sapient-synth-flan-niv2-zsopt-data-task1373-newscomm-translation/metadata/manifest.json,engineering_method_evidence_indexed_human_rights_review_required
schneiderkamplab/sapient-synth-flan-niv2-zsopt-data-task1374-newscomm-translation,sapient-synth-flan-niv2-zsopt-data-task1374-newscomm-translation,generated + audited,716,716,173515,Gemma 4 31B replacement-generation pipeline,model-judge audit; accepted rows only,export-upload/sapient-synth-flan-niv2-zsopt-data-task1374-newscomm-translation/metadata/manifest.json,engineering_method_evidence_indexed_human_rights_review_required
schneiderkamplab/sapient-synth-flan-niv2-zsopt-data-task1375-newscomm-translation,sapient-synth-flan-niv2-zsopt-data-task1375-newscomm-translation,generated + audited,2180,2180,265049,Gemma 4 31B replacement-generation pipeline,model-judge audit; accepted rows only,export-upload/sapient-synth-flan-niv2-zsopt-data-task1375-newscomm-translation/metadata/manifest.json,engineering_method_evidence_indexed_human_rights_review_required
schneiderkamplab/sapient-synth-flan-niv2-zsopt-data-task1376-newscomm-translation,sapient-synth-flan-niv2-zsopt-data-task1376-newscomm-translation,generated + audited,1369,1369,273620,Gemma 4 31B replacement-generation pipeline,model-judge audit; accepted rows only,export-upload/sapient-synth-flan-niv2-zsopt-data-task1376-newscomm-translation/metadata/manifest.json,engineering_method_evidence_indexed_human_rights_review_required
schneiderkamplab/sapient-synth-flan-niv2-zsopt-data-task1377-newscomm-translation,sapient-synth-flan-niv2-zsopt-data-task1377-newscomm-translation,generated + audited,1531,1531,181717,Gemma 4 31B replacement-generation pipeline,model-judge audit; accepted rows only,export-upload/sapient-synth-flan-niv2-zsopt-data-task1377-newscomm-translation/metadata/manifest.json,engineering_method_evidence_indexed_human_rights_review_required
schneiderkamplab/sapient-synth-flan-niv2-zsopt-data-task264-paper-reviews-accept-reject,sapient-synth-flan-niv2-zsopt-data-task264-paper-reviews-accept-reject,generated + audited,141,141,49270,Gemma 4 31B replacement-generation pipeline,model-judge audit; accepted rows only,export-upload/sapient-synth-flan-niv2-zsopt-data-task264-paper-reviews-accept-reject/metadata/manifest.json,engineering_method_evidence_indexed_human_rights_review_required
schneiderkamplab/sapient-synth-flan-niv2-zsopt-data-task265-paper-reviews-language-identification,sapient-synth-flan-niv2-zsopt-data-task265-paper-reviews-language-identification,generated + audited,710,710,154418,Gemma 4 31B replacement-generation pipeline,model-judge audit; accepted rows only,export-upload/sapient-synth-flan-niv2-zsopt-data-task265-paper-reviews-language-identification/metadata/manifest.json,engineering_method_evidence_indexed_human_rights_review_required
schneiderkamplab/sapient-synth-flan-niv2-zsopt-data-task266-paper-reviews-reviewer-perspective,sapient-synth-flan-niv2-zsopt-data-task266-paper-reviews-reviewer-perspective,generated + audited,302,302,71856,Gemma 4 31B replacement-generation pipeline,model-judge audit; accepted rows only,export-upload/sapient-synth-flan-niv2-zsopt-data-task266-paper-reviews-reviewer-perspective/metadata/manifest.json,engineering_method_evidence_indexed_human_rights_review_required
schneiderkamplab/sapient-synth-flan-niv2-zsopt-data-task589-amazonfood-summary-text-generation,sapient-synth-flan-niv2-zsopt-data-task589-amazonfood-summary-text-generation,generated + audited,5311,5311,705459,Gemma 4 31B replacement-generation pipeline,model-judge audit; accepted rows only,export-upload/sapient-synth-flan-niv2-zsopt-data-task589-amazonfood-summary-text-generation/metadata/manifest.json,engineering_method_evidence_indexed_human_rights_review_required
schneiderkamplab/sapient-synth-flan-niv2-zsopt-data-task590-amazonfood-summary-correction-classification,sapient-synth-flan-niv2-zsopt-data-task590-amazonfood-summary-correction-classification,generated + audited,5723,5723,811411,Gemma 4 31B replacement-generation pipeline,model-judge audit; accepted rows only,export-upload/sapient-synth-flan-niv2-zsopt-data-task590-amazonfood-summary-correction-classification/metadata/manifest.json,engineering_method_evidence_indexed_human_rights_review_required
schneiderkamplab/sapient-synth-flan-niv2-zsopt-data-task618-amazonreview-summary-text-generation,sapient-synth-flan-niv2-zsopt-data-task618-amazonreview-summary-text-generation,generated + audited,4896,4896,532494,Gemma 4 31B replacement-generation pipeline,model-judge audit; accepted rows only,export-upload/sapient-synth-flan-niv2-zsopt-data-task618-amazonreview-summary-text-generation/metadata/manifest.json,engineering_method_evidence_indexed_human_rights_review_required
schneiderkamplab/sapient-synth-flan-niv2-zsopt-data-task634-allegro-reviews-classification,sapient-synth-flan-niv2-zsopt-data-task634-allegro-reviews-classification,generated + audited,1235,1235,214780,Gemma 4 31B replacement-generation pipeline,model-judge audit; accepted rows only,export-upload/sapient-synth-flan-niv2-zsopt-data-task634-allegro-reviews-classification/metadata/manifest.json,engineering_method_evidence_indexed_human_rights_review_required
schneiderkamplab/sapient-synth-flan-niv2-zsopt-data-task635-allegro-reviews-answer-generation,sapient-synth-flan-niv2-zsopt-data-task635-allegro-reviews-answer-generation,generated + audited,2120,2120,319795,Gemma 4 31B replacement-generation pipeline,model-judge audit; accepted rows only,export-upload/sapient-synth-flan-niv2-zsopt-data-task635-allegro-reviews-answer-generation/metadata/manifest.json,engineering_method_evidence_indexed_human_rights_review_required
schneiderkamplab/sapient-synth-flan-niv2-zsopt-data-task672-amazon-yelp-summarization,sapient-synth-flan-niv2-zsopt-data-task672-amazon-yelp-summarization,generated + audited,159,159,85279,Gemma 4 31B replacement-generation pipeline,model-judge audit; accepted rows only,export-upload/sapient-synth-flan-niv2-zsopt-data-task672-amazon-yelp-summarization/metadata/manifest.json,engineering_method_evidence_indexed_human_rights_review_required
schneiderkamplab/sapient-synth-flan-niv2-zsopt-data-task870-msmarco-answer-generation,sapient-synth-flan-niv2-zsopt-data-task870-msmarco-answer-generation,generated + audited,581,581,212021,Gemma 4 31B replacement-generation pipeline,model-judge audit; accepted rows only,export-upload/sapient-synth-flan-niv2-zsopt-data-task870-msmarco-answer-generation/metadata/manifest.json,engineering_method_evidence_indexed_human_rights_review_required
schneiderkamplab/sapient-synth-flan-niv2-zsopt-data-task871-msmarco-question-generation,sapient-synth-flan-niv2-zsopt-data-task871-msmarco-question-generation,generated + audited,89,89,35607,Gemma 4 31B replacement-generation pipeline,model-judge audit; accepted rows only,export-upload/sapient-synth-flan-niv2-zsopt-data-task871-msmarco-question-generation/metadata/manifest.json,engineering_method_evidence_indexed_human_rights_review_required
schneiderkamplab/sapient-synth-flan-niv2-zsopt-data-task902-deceptive-opinion-spam-classification,sapient-synth-flan-niv2-zsopt-data-task902-deceptive-opinion-spam-classification,generated + audited,1234,1234,198319,Gemma 4 31B replacement-generation pipeline,model-judge audit; accepted rows only,export-upload/sapient-synth-flan-niv2-zsopt-data-task902-deceptive-opinion-spam-classification/metadata/manifest.json,engineering_method_evidence_indexed_human_rights_review_required
schneiderkamplab/sapient-synth-flan-niv2-zsopt-data-task903-deceptive-opinion-spam-classification,sapient-synth-flan-niv2-zsopt-data-task903-deceptive-opinion-spam-classification,generated + audited,865,865,149122,Gemma 4 31B replacement-generation pipeline,model-judge audit; accepted rows only,export-upload/sapient-synth-flan-niv2-zsopt-data-task903-deceptive-opinion-spam-classification/metadata/manifest.json,engineering_method_evidence_indexed_human_rights_review_required
schneiderkamplab/sapient-synth-flan-niv2-zsopt-data-task906-dialogre-identify-names,sapient-synth-flan-niv2-zsopt-data-task906-dialogre-identify-names,generated + audited,221,221,57511,Gemma 4 31B replacement-generation pipeline,model-judge audit; accepted rows only,export-upload/sapient-synth-flan-niv2-zsopt-data-task906-dialogre-identify-names/metadata/manifest.json,engineering_method_evidence_indexed_human_rights_review_required
schneiderkamplab/sapient-synth-flan-niv2-zsopt-data-task907-dialogre-identify-relationships,sapient-synth-flan-niv2-zsopt-data-task907-dialogre-identify-relationships,generated + audited,50,50,13407,Gemma 4 31B replacement-generation pipeline,model-judge audit; accepted rows only,export-upload/sapient-synth-flan-niv2-zsopt-data-task907-dialogre-identify-relationships/metadata/manifest.json,engineering_method_evidence_indexed_human_rights_review_required
schneiderkamplab/sapient-synth-flan-niv2-zsopt-data-task908-dialogre-identify-familial-relationships,sapient-synth-flan-niv2-zsopt-data-task908-dialogre-identify-familial-relationships,generated + audited,72,72,17327,Gemma 4 31B replacement-generation pipeline,model-judge audit; accepted rows only,export-upload/sapient-synth-flan-niv2-zsopt-data-task908-dialogre-identify-familial-relationships/metadata/manifest.json,engineering_method_evidence_indexed_human_rights_review_required
schneiderkamplab/sapient-synth-flan-niv2-zsopt-data-task909-dialogre-prevalent-speakers,sapient-synth-flan-niv2-zsopt-data-task909-dialogre-prevalent-speakers,generated + audited,364,364,82014,Gemma 4 31B replacement-generation pipeline,model-judge audit; accepted rows only,export-upload/sapient-synth-flan-niv2-zsopt-data-task909-dialogre-prevalent-speakers/metadata/manifest.json,engineering_method_evidence_indexed_human_rights_review_required
schneiderkamplab/sapient-synth-platypus-reclor,sapient-synth-platypus-reclor,generated + audited,5131,5131,921983,Gemma 4 31B replacement-generation pipeline,model-judge audit; accepted rows only,export-upload/sapient-synth-platypus-reclor/metadata/manifest.json,engineering_method_evidence_indexed_human_rights_review_required
schneiderkamplab/sapient-synth-platypus-scibench,sapient-synth-platypus-scibench,generated + audited,744,744,103655,Gemma 4 31B replacement-generation pipeline,model-judge audit; accepted rows only,export-upload/sapient-synth-platypus-scibench/metadata/manifest.json,engineering_method_evidence_indexed_human_rights_review_required
schneiderkamplab/sapient-synth-tasksource-pragmeval-sarcasm,sapient-synth-tasksource-pragmeval-sarcasm,generated + audited,3753,3753,542414,Gemma 4 31B replacement-generation pipeline,model-judge audit; accepted rows only,export-upload/sapient-synth-tasksource-pragmeval-sarcasm/metadata/manifest.json,engineering_method_evidence_indexed_human_rights_review_required
schneiderkamplab/sapient-synth-tasksource-reclor,sapient-synth-tasksource-reclor,generated + audited,4633,4633,900568,Gemma 4 31B replacement-generation pipeline,model-judge audit; accepted rows only,export-upload/sapient-synth-tasksource-reclor/metadata/manifest.json,engineering_method_evidence_indexed_human_rights_review_required
schneiderkamplab/transformations-danish-danish,transformations-danish-danish,generated + audited,208117,208117,496192437,Gemma 4 31B transformation-generation and judge pipeline,accepted-only export from judge audit,export-upload/transformations-danish-danish/generation_config.json,engineering_method_evidence_indexed_human_rights_review_required
schneiderkamplab/transformations-danish-english,transformations-danish-english,generated + audited,211401,211401,468891804,Gemma 4 31B transformation-generation and judge pipeline,accepted-only export from judge audit,export-upload/transformations-danish-english/generation_config.json,engineering_method_evidence_indexed_human_rights_review_required
schneiderkamplab/transformations-english-danish,transformations-english-danish,generated + audited,246288,246288,417759531,Gemma 4 31B transformation-generation and judge pipeline,accepted-only export from judge audit,export-upload/transformations-english-danish/generation_config.json,engineering_method_evidence_indexed_human_rights_review_required
schneiderkamplab/transformations-english-english,transformations-english-english,generated + audited,248474,248474,471098920,Gemma 4 31B transformation-generation and judge pipeline,accepted-only export from judge audit,export-upload/transformations-english-english/generation_config.json,engineering_method_evidence_indexed_human_rights_review_required
